{
    "bitcore":  {
                    "name":  "bitcore",
                    "port":  3556,
                    "coins":  1,
                    "fees":  1,
                    "hashrate":  1489487174,
                    "workers":  47,
                    "estimate_current":  "0.00001411",
                    "estimate_last24h":  "0.00001310",
                    "actual_last24h":  0.014299999999999998,
                    "hashrate_last24h":  3548083541.5833
                },
    "blake2s":  {
                    "name":  "blake2s",
                    "port":  5766,
                    "coins":  4,
                    "fees":  1,
                    "hashrate":  2615993219856,
                    "workers":  442,
                    "estimate_current":  "0.00002361",
                    "estimate_last24h":  "0.00002469",
                    "actual_last24h":  0.019945,
                    "hashrate_last24h":  2759709016747.3
                },
    "blakecoin":  {
                      "name":  "blakecoin",
                      "port":  5743,
                      "coins":  3,
                      "fees":  1,
                      "hashrate":  11434920929,
                      "workers":  2,
                      "estimate_current":  "0.00000506",
                      "estimate_last24h":  "0.00000526",
                      "actual_last24h":  0.0049949999999999986,
                      "hashrate_last24h":  9012853798.7292
                  },
    "c11":  {
                "name":  "c11",
                "port":  3573,
                "coins":  2,
                "fees":  1,
                "hashrate":  140180402,
                "workers":  3,
                "estimate_current":  "0.00000832",
                "estimate_last24h":  "0.00000827",
                "actual_last24h":  0.008355,
                "hashrate_last24h":  429095713.2604
            },
    "groestl":  {
                    "name":  "groestl",
                    "port":  5333,
                    "coins":  1,
                    "fees":  1,
                    "hashrate":  6413818,
                    "workers":  9,
                    "estimate_current":  "0.00000167",
                    "estimate_last24h":  "0.00000231",
                    "actual_last24h":  0.001745,
                    "hashrate_last24h":  217428332.0521
                },
    "hmq1725":  {
                    "name":  "hmq1725",
                    "port":  3747,
                    "coins":  1,
                    "fees":  1,
                    "hashrate":  459098427,
                    "workers":  51,
                    "estimate_current":  "0.00004211",
                    "estimate_last24h":  "0.00003754",
                    "actual_last24h":  0.047014999999999994,
                    "hashrate_last24h":  757215932.2813
                },
    "hsr":  {
                "name":  "hsr",
                "port":  7433,
                "coins":  1,
                "fees":  1,
                "hashrate":  350407026,
                "workers":  7,
                "estimate_current":  "0.00000729",
                "estimate_last24h":  "0.00001120",
                "actual_last24h":  0.0074849999999999995,
                "hashrate_last24h":  1201103447.9583
            },
    "keccak":  {
                   "name":  "keccak",
                   "port":  5133,
                   "coins":  1,
                   "fees":  1,
                   "hashrate":  699106085,
                   "workers":  9,
                   "estimate_current":  "0.00000010",
                   "estimate_last24h":  "0.00000011",
                   "actual_last24h":  9.9999999999999991E-05,
                   "hashrate_last24h":  1522565859.4167
               },
    "lbry":  {
                 "name":  "lbry",
                 "port":  3334,
                 "coins":  1,
                 "fees":  1,
                 "hashrate":  5234362411,
                 "workers":  15,
                 "estimate_current":  "0.00000010",
                 "estimate_last24h":  "0.00000008",
                 "actual_last24h":  9.9999999999999991E-05,
                 "hashrate_last24h":  13472232652.344
             },
    "lyra2v2":  {
                    "name":  "lyra2v2",
                    "port":  4533,
                    "coins":  6,
                    "fees":  1,
                    "hashrate":  254655253078,
                    "workers":  950,
                    "estimate_current":  "0.00000526",
                    "estimate_last24h":  "0.00000478",
                    "actual_last24h":  0.00485,
                    "hashrate_last24h":  119266728615.1
                },
    "m7m":  {
                "name":  "m7m",
                "port":  6033,
                "coins":  1,
                "fees":  1,
                "hashrate":  2058696,
                "workers":  38,
                "estimate_current":  "0.00015073",
                "estimate_last24h":  "0.00013176",
                "actual_last24h":  0.15766499999999997,
                "hashrate_last24h":  1999391.1771
            },
    "myr-gr":  {
                   "name":  "myr-gr",
                   "port":  5433,
                   "coins":  6,
                   "fees":  1,
                   "hashrate":  1326744031,
                   "workers":  4,
                   "estimate_current":  "0.00000031",
                   "estimate_last24h":  "0.00000018",
                   "actual_last24h":  0.000225,
                   "hashrate_last24h":  61472097762.906
               },
    "neoscrypt":  {
                      "name":  "neoscrypt",
                      "port":  4233,
                      "coins":  12,
                      "fees":  1,
                      "hashrate":  4931668604,
                      "workers":  463,
                      "estimate_current":  "0.00014088",
                      "estimate_last24h":  "0.00018706",
                      "actual_last24h":  0.14764999999999998,
                      "hashrate_last24h":  4158955246.8229
                  },
    "nist5":  {
                  "name":  "nist5",
                  "port":  3833,
                  "coins":  4,
                  "fees":  1,
                  "hashrate":  11017663596,
                  "workers":  80,
                  "estimate_current":  "0.00000271",
                  "estimate_last24h":  "0.00000309",
                  "actual_last24h":  0.0028150000000000002,
                  "hashrate_last24h":  43791129819.604
              },
    "phi":  {
                "name":  "phi",
                "port":  8333,
                "coins":  1,
                "fees":  1,
                "hashrate":  1250370,
                "workers":  5,
                "estimate_current":  "0.00000000",
                "estimate_last24h":  "0.00000000",
                "actual_last24h":  0,
                "hashrate_last24h":  0
            },
    "qubit":  {
                  "name":  "qubit",
                  "port":  4733,
                  "coins":  2,
                  "fees":  1,
                  "hashrate":  11699947212,
                  "workers":  4,
                  "estimate_current":  "0.00016157",
                  "estimate_last24h":  "0.00024323",
                  "actual_last24h":  0.167635,
                  "hashrate_last24h":  8947163323.8021
              },
    "scrypt":  {
                   "name":  "scrypt",
                   "port":  3433,
                   "coins":  13,
                   "fees":  1,
                   "hashrate":  41954998740,
                   "workers":  112,
                   "estimate_current":  "0.00000243",
                   "estimate_last24h":  "0.00000241",
                   "actual_last24h":  0.00244,