{
    "bitcore":  {
                    "name":  "bitcore",
                    "port":  3556,
                    "coins":  1,
                    "fees":  2,
                    "hashrate":  1558633848,
                    "workers":  31,
                    "estimate_current":  "0.00001267",
                    "estimate_last24h":  "0.00001141",
                    "actual_last24h":  0.01267,
                    "hashrate_last24h":  962884439.8646
                },
    "blake2s":  {
                    "name":  "blake2s",
                    "port":  5766,
                    "coins":  4,
                    "fees":  2,
                    "hashrate":  15872608499194,
                    "workers":  3618,
                    "estimate_current":  "0.00001083",
                    "estimate_last24h":  "0.00002049",
                    "actual_last24h":  0.01083,
                    "hashrate_last24h":  16998187715146
                },
    "blakecoin":  {
                      "name":  "blakecoin",
                      "port":  5743,
                      "coins":  2,
                      "fees":  2,
                      "hashrate":  1362133645109,
                      "workers":  25,
                      "estimate_current":  "0.00000435",
                      "estimate_last24h":  "0.00000451",
                      "actual_last24h":  0.00435,
                      "hashrate_last24h":  1105811218563.3
                  },
    "c11":  {
                "name":  "c11",
                "port":  3573,
                "coins":  3,
                "fees":  2,
                "hashrate":  2011080068,
                "workers":  182,
                "estimate_current":  "0.00001494",
                "estimate_last24h":  "0.00001020",
                "actual_last24h":  0.014939999999999998,
                "hashrate_last24h":  4542789276.0208
            },
    "equihash":  {
                     "name":  "equihash",
                     "port":  2142,
                     "coins":  4,
                     "fees":  1.75,
                     "hashrate":  527823.872,
                     "workers":  462,
                     "estimate_current":  "0.00027092",
                     "estimate_last24h":  "0.00028244",
                     "actual_last24h":  0.27092,
                     "hashrate_last24h":  559334.0015416
                 },
    "groestl":  {
                    "name":  "groestl",
                    "port":  5333,
                    "coins":  1,
                    "fees":  2,
                    "hashrate":  302376678,
                    "workers":  16,
                    "estimate_current":  "0.00000156",
                    "estimate_last24h":  "0.00000205",
                    "actual_last24h":  0.0015600000000000002,
                    "hashrate_last24h":  278249945.0729
                },
    "hmq1725":  {
                    "name":  "hmq1725",
                    "port":  3747,
                    "coins":  2,
                    "fees":  2,
                    "hashrate":  1791129525,
                    "workers":  162,
                    "estimate_current":  "0.00003662",
                    "estimate_last24h":  "0.00003852",
                    "actual_last24h":  0.03662,
                    "hashrate_last24h":  1803803165.3854
                },
    "hsr":  {
                "name":  "hsr",
                "port":  7433,
                "coins":  1,
                "fees":  2,
                "hashrate":  133641973,
                "workers":  10,
                "estimate_current":  "0.00001018",
                "estimate_last24h":  "0.00001389",
                "actual_last24h":  0.010180000000000002,
                "hashrate_last24h":  1233219571.8125
            },
    "lbry":  {
                 "name":  "lbry",
                 "port":  3334,
                 "coins":  1,
                 "fees":  2,
                 "hashrate":  159515314570,
                 "workers":  82,
                 "estimate_current":  "0.00000008",
                 "estimate_last24h":  "0.00000007",
                 "actual_last24h":  0,
                 "hashrate_last24h":  247094743002.43
             },
    "lyra2v2":  {
                    "name":  "lyra2v2",
                    "port":  4533,
                    "coins":  8,
                    "fees":  1.5,
                    "hashrate":  165179862196,
                    "workers":  1101,
                    "estimate_current":  "0.00000409",
                    "estimate_last24h":  "0.00000446",
                    "actual_last24h":  0.00409,
                    "hashrate_last24h":  171937834059.92
                },
    "lyra2z":  {
                   "name":  "lyra2z",
                   "port":  4553,
                   "coins":  3,
                   "fees":  1,
                   "hashrate":  2032951568,
                   "workers":  756,
                   "estimate_current":  "0.00017408",
                   "estimate_last24h":  "0.00010683",
                   "actual_last24h":  0.17407999999999998,
                   "hashrate_last24h":  1878165413.5208
               },
    "m7m":  {
                "name":  "m7m",
                "port":  6033,
                "coins":  1,
                "fees":  2,
                "hashrate":  17971019,
                "workers":  670,
                "estimate_current":  "0.00013359",
                "estimate_last24h":  "0.00011468",
                "actual_last24h":  0.13359,
                "hashrate_last24h":  17883519.0625
            },
    "myr-gr":  {
                   "name":  "myr-gr",
                   "port":  5433,
                   "coins":  6,
                   "fees":  2,
                   "hashrate":  74532228208,
                   "workers":  23,
                   "estimate_current":  "0.00000014",
                   "estimate_last24h":  "0.00000016",
                   "actual_last24h":  0.00014000000000000001,
                   "hashrate_last24h":  94969553299.448
               },
    "neoscrypt":  {
                      "name":  "neoscrypt",
                      "port":  4233,
                      "coins":  16,
                      "fees":  2,
                      "hashrate":  6196251921,
                      "workers":  3630,
                      "estimate_current":  "0.00020349",
                      "estimate_last24h":  "0.00017779",
                      "actual_last24h":  0.20349,
                      "hashrate_last24h":  7687678156.1042
                  },
    "nist5":  {
                  "name":  "nist5",
                  "port":  3833,
                  "coins":  5,
                  "fees":  2,
                  "hashrate":  55222106556,
                  "workers":  101,
                  "estimate_current":  "0.00000377",
                  "estimate_last24h":  "0.00000306",
                  "actual_last24h":  0.00377,
                  "hashrate_last24h":  27712762532.094
              },
    "phi":  {
                "name":  "phi",
                "port":  8333,
                "coins":  1,
                "fees":  2,
                "hashrate":  130323207420,
                "workers":  2084,
                "estimate_current":  "0.00001866",
                "estimate_last24h":  "0.00001369",
                "actual_last24h":  0.01866,
                "hashrate_last24h":  84474231943.385
            },
    "polytimos":  {
                      "name":  "polytimos",
                      "port":  8463,
                      "coins":  1,
                      "fees":  2,
                      "hashrate":  107634858,
                      "workers":  3,
                      "estimate_current":  "0.00000511",
                      "estimate_last24h":  "0.00000585",